<?xml version="1.0" encoding="UTF-8"?>
<beans xmlns="http://www.springframework.org/schema/beans"
	xmlns:xsi="http://www.w3.org/2001/XMLSchema-instance"
	xsi:schemaLocation="http://www.springframework.org/schema/beans
		http://www.springframework.org/schema/beans/spring-beans.xsd
		http://www.springframework.org/schema/context
		http://www.springframework.org/schema/context/spring-context.xsd
		http://www.springframework.org/schema/tx
		http://www.springframework.org/schema/tx/spring-tx.xsd"
	   xmlns:context="http://www.springframework.org/schema/context"
	xmlns:tx="http://www.springframework.org/schema/tx">
	
	<!-- <bean id="myPist" class="com.sbi.MyPiston">
		<property name="name" 
		value="TwinSpark"></property>
	</bean>
	
	<bean id="myEng" class="com.sbi.MyEngine">
		<property name="piston" 
		ref="myPist"></property>
	</bean>
	
	<bean id="myCar" class="com.sbi.MyCar">
		<property name="engine" 
		ref="myEng"></property>
	</bean> -->
	
	<context:component-scan base-package="com"></context:component-scan>
	
</beans>