<?xml version="1.0" encoding="UTF-8"?>
<beans xmlns="http://www.springframework.org/schema/beans"
	xmlns:xsi="http://www.w3.org/2001/XMLSchema-instance"
	xsi:schemaLocation="http://www.springframework.org/schema/beans
		http://www.springframework.org/schema/beans/spring-beans.xsd
		http://www.springframework.org/schema/context
		http://www.springframework.org/schema/context/spring-context.xsd
		http://www.springframework.org/schema/tx
		http://www.springframework.org/schema/tx/spring-tx.xsd"
	   xmlns:context="http://www.springframework.org/schema/context"
	xmlns:tx="http://www.springframework.org/schema/tx">
	
		
	<bean id="mypist1" class="com.sbi.Piston">
	</bean>
	
	<bean id="myeng1" class="com.sbi.Engine">
		<constructor-arg ref="mypist1"></constructor-arg>
	</bean>
	
	<bean id="mycar1" class="com.sbi.Car" scope="prototype">
		<constructor-arg ref="myeng1"></constructor-arg>
	</bean>
	
	
	
	<bean id="myElectEng" class="com.sbi.ElectricEngine">
		<constructor-arg ref="mypist1"></constructor-arg>
	</bean>
	
	<bean id="myElectCar" class="com.sbi.ElectricCar">
		<constructor-arg ref="myElectEng"></constructor-arg>
	</bean>
	
	
	
</beans>